name,nickname,email,password,dob,role
user1,user_acc1,user1@mail.com,123456,2000-01-01,user
user2,user_acc2,user2@mail.com,123456,2000-01-01,user
user3,user_acc3,user3@mail.com,123456,2000-01-01,user
user4,user_acc4,user4@mail.com,123456,2000-01-01,user
user5,user_acc5,user5@mail.com,123456,2000-01-01,user
user6,user_acc6,user6@mail.com,123456,2000-01-01,user
user7,user_acc7,user7@mail.com,123456,2000-01-01,user
user8,user_acc8,user8@mail.com,123456,2000-01-01,user
user9,user_acc9,user9@mail.com,123456,2000-01-01,user
user10,user_acc10,user10@mail.com,123456,2000-01-01,user
user11,user_acc11,user11@mail.com,123456,2000-01-01,user
user12,user_acc12,user12@mail.com,123456,2000-01-01,user
user13,user_acc13,user13@mail.com,123456,2000-01-01,user
user14,user_acc14,user14@mail.com,123456,2000-01-01,user
user15,user_acc15,user15@mail.com,123456,2000-01-01,user
user16,user_acc16,user16@mail.com,123456,2000-01-01,user
user17,user_acc17,user17@mail.com,123456,2000-01-01,user
user18,user_acc18,user18@mail.com,123456,2000-01-01,user
user19,user_acc19,user19@mail.com,123456,2000-01-01,user
user20,user_acc20,user20@mail.com,123456,2000-01-01,user
user21,user_acc21,user21@mail.com,123456,2000-01-01,user
user22,user_acc22,user22@mail.com,123456,2000-01-01,user
user23,user_acc23,user23@mail.com,123456,2000-01-01,user
user24,user_acc24,user24@mail.com,123456,2000-01-01,user
user25,user_acc25,user25@mail.com,123456,2000-01-01,user
user26,user_acc26,user26@mail.com,123456,2000-01-01,user
user27,user_acc27,user27@mail.com,123456,2000-01-01,user
user28,user_acc28,user28@mail.com,123456,2000-01-01,user
user29,user_acc29,user29@mail.com,123456,2000-01-01,user
user30,user_acc30,user30@mail.com,123456,2000-01-01,user
user31,user_acc31,user31@mail.com,123456,2000-01-01,user
user32,user_acc32,user32@mail.com,123456,2000-01-01,user
user33,user_acc33,user33@mail.com,123456,2000-01-01,user
user34,user_acc34,user34@mail.com,123456,2000-01-01,user
user35,user_acc35,user35@mail.com,123456,2000-01-01,user
user36,user_acc36,user36@mail.com,123456,2000-01-01,user
user37,user_acc37,user37@mail.com,123456,2000-01-01,user
user38,user_acc38,user38@mail.com,123456,2000-01-01,user
user39,user_acc39,user39@mail.com,123456,2000-01-01,user
user40,user_acc40,user40@mail.com,123456,2000-01-01,user
user41,user_acc41,user41@mail.com,123456,2000-01-01,user
user42,user_acc42,user42@mail.com,123456,2000-01-01,user
user43,user_acc43,user43@mail.com,123456,2000-01-01,user
user44,user_acc44,user44@mail.com,123456,2000-01-01,user
user45,user_acc45,user45@mail.com,123456,2000-01-01,user
user46,user_acc46,user46@mail.com,123456,2000-01-01,user
user47,user_acc47,user47@mail.com,123456,2000-01-01,user
user48,user_acc48,user48@mail.com,123456,2000-01-01,user
user49,user_acc49,user49@mail.com,123456,2000-01-01,user
user50,user_acc50,user50@mail.com,123456,2000-01-01,user
user51,user_acc51,user51@mail.com,123456,2000-01-01,user
user52,user_acc52,user52@mail.com,123456,2000-01-01,user
user53,user_acc53,user53@mail.com,123456,2000-01-01,user
user54,user_acc54,user54@mail.com,123456,2000-01-01,user
user55,user_acc55,user55@mail.com,123456,2000-01-01,user
user56,user_acc56,user56@mail.com,123456,2000-01-01,user
user57,user_acc57,user57@mail.com,123456,2000-01-01,user
user58,user_acc58,user58@mail.com,123456,2000-01-01,user
user59,user_acc59,user59@mail.com,123456,2000-01-01,user
user60,user_acc60,user60@mail.com,123456,2000-01-01,user
user61,user_acc61,user61@mail.com,123456,2000-01-01,user
user62,user_acc62,user62@mail.com,123456,2000-01-01,user
user63,user_acc63,user63@mail.com,123456,2000-01-01,user
user64,user_acc64,user64@mail.com,123456,2000-01-01,user
user65,user_acc65,user65@mail.com,123456,2000-01-01,user
user66,user_acc66,user66@mail.com,123456,2000-01-01,user
user67,user_acc67,user67@mail.com,123456,2000-01-01,user
user68,user_acc68,user68@mail.com,123456,2000-01-01,user
user69,user_acc69,user69@mail.com,123456,2000-01-01,user
user70,user_acc70,user70@mail.com,123456,2000-01-01,user
user71,user_acc71,user71@mail.com,123456,2000-01-01,user
user72,user_acc72,user72@mail.com,123456,2000-01-01,user
user73,user_acc73,user73@mail.com,123456,2000-01-01,user
user74,user_acc74,user74@mail.com,123456,2000-01-01,user
user75,user_acc75,user75@mail.com,123456,2000-01-01,user
user76,user_acc76,user76@mail.com,123456,2000-01-01,user
user77,user_acc77,user77@mail.com,123456,2000-01-01,user
user78,user_acc78,user78@mail.com,123456,2000-01-01,user
user79,user_acc79,user79@mail.com,123456,2000-01-01,user
user80,user_acc80,user80@mail.com,123456,2000-01-01,user
user81,user_acc81,user81@mail.com,123456,2000-01-01,user
user82,user_acc82,user82@mail.com,123456,2000-01-01,user
user83,user_acc83,user83@mail.com,123456,2000-01-01,user
user84,user_acc84,user84@mail.com,123456,2000-01-01,user
user85,user_acc85,user85@mail.com,123456,2000-01-01,user
user86,user_acc86,user86@mail.com,123456,2000-01-01,user
user87,user_acc87,user87@mail.com,123456,2000-01-01,user
user88,user_acc88,user88@mail.com,123456,2000-01-01,user
user89,user_acc89,user89@mail.com,123456,2000-01-01,user
user90,user_acc90,user90@mail.com,123456,2000-01-01,user
user91,user_acc91,user91@mail.com,123456,2000-01-01,user
user92,user_acc92,user92@mail.com,123456,2000-01-01,user
user93,user_acc93,user93@mail.com,123456,2000-01-01,user
user94,user_acc94,user94@mail.com,123456,2000-01-01,user
user95,user_acc95,user95@mail.com,123456,2000-01-01,user
user96,user_acc96,user96@mail.com,123456,2000-01-01,user
user97,user_acc97,user97@mail.com,123456,2000-01-01,user
user98,user_acc98,user98@mail.com,123456,2000-01-01,user
user99,user_acc99,user99@mail.com,123456,2000-01-01,user
user100,user_acc100,user100@mail.com,123456,2000-01-01,user
user101,user_acc101,user101@mail.com,123456,2000-01-01,user
user102,user_acc102,user102@mail.com,123456,2000-01-01,user
user103,user_acc103,user103@mail.com,123456,2000-01-01,user
user104,user_acc104,user104@mail.com,123456,2000-01-01,user
user105,user_acc105,user105@mail.com,123456,2000-01-01,user
user106,user_acc106,user106@mail.com,123456,2000-01-01,user
user107,user_acc107,user107@mail.com,123456,2000-01-01,user
user108,user_acc108,user108@mail.com,123456,2000-01-01,user
user109,user_acc109,user109@mail.com,123456,2000-01-01,user
user110,user_acc110,user110@mail.com,123456,2000-01-01,user
user111,user_acc111,user111@mail.com,123456,2000-01-01,user
user112,user_acc112,user112@mail.com,123456,2000-01-01,user
user113,user_acc113,user113@mail.com,123456,2000-01-01,user
user114,user_acc114,user114@mail.com,123456,2000-01-01,user
user115,user_acc115,user115@mail.com,123456,2000-01-01,user
user116,user_acc116,user116@mail.com,123456,2000-01-01,user
user117,user_acc117,user117@mail.com,123456,2000-01-01,user
user118,user_acc118,user118@mail.com,123456,2000-01-01,user
user119,user_acc119,user119@mail.com,123456,2000-01-01,user
user120,user_acc120,user120@mail.com,123456,2000-01-01,user
user121,user_acc121,user121@mail.com,123456,2000-01-01,user
user122,user_acc122,user122@mail.com,123456,2000-01-01,user
user123,user_acc123,user123@mail.com,123456,2000-01-01,user
user124,user_acc124,user124@mail.com,123456,2000-01-01,user
user125,user_acc125,user125@mail.com,123456,2000-01-01,user
user126,user_acc126,user126@mail.com,123456,2000-01-01,user
user127,user_acc127,user127@mail.com,123456,2000-01-01,user
user128,user_acc128,user128@mail.com,123456,2000-01-01,user
user129,user_acc129,user129@mail.com,123456,2000-01-01,user
user130,user_acc130,user130@mail.com,123456,2000-01-01,user
user131,user_acc131,user131@mail.com,123456,2000-01-01,user
user132,user_acc132,user132@mail.com,123456,2000-01-01,user
user133,user_acc133,user133@mail.com,123456,2000-01-01,user
user134,user_acc134,user134@mail.com,123456,2000-01-01,user
user135,user_acc135,user135@mail.com,123456,2000-01-01,user
user136,user_acc136,user136@mail.com,123456,2000-01-01,user
user137,user_acc137,user137@mail.com,123456,2000-01-01,user
user138,user_acc138,user138@mail.com,123456,2000-01-01,user
user139,user_acc139,user139@mail.com,123456,2000-01-01,user
user140,user_acc140,user140@mail.com,123456,2000-01-01,user
user141,user_acc141,user141@mail.com,123456,2000-01-01,user
user142,user_acc142,user142@mail.com,123456,2000-01-01,user
user143,user_acc143,user143@mail.com,123456,2000-01-01,user
user144,user_acc144,user144@mail.com,123456,2000-01-01,user
user145,user_acc145,user145@mail.com,123456,2000-01-01,user
user146,user_acc146,user146@mail.com,123456,2000-01-01,user
user147,user_acc147,user147@mail.com,123456,2000-01-01,user
user148,user_acc148,user148@mail.com,123456,2000-01-01,user
user149,user_acc149,user149@mail.com,123456,2000-01-01,user
user150,user_acc150,user150@mail.com,123456,2000-01-01,user
user151,user_acc151,user151@mail.com,123456,2000-01-01,user
user152,user_acc152,user152@mail.com,123456,2000-01-01,user
user153,user_acc153,user153@mail.com,123456,2000-01-01,user
user154,user_acc154,user154@mail.com,123456,2000-01-01,user
user155,user_acc155,user155@mail.com,123456,2000-01-01,user
user156,user_acc156,user156@mail.com,123456,2000-01-01,user
user157,user_acc157,user157@mail.com,123456,2000-01-01,user
user158,user_acc158,user158@mail.com,123456,2000-01-01,user
user159,user_acc159,user159@mail.com,123456,2000-01-01,user
user160,user_acc160,user160@mail.com,123456,2000-01-01,user
user161,user_acc161,user161@mail.com,123456,2000-01-01,user
user162,user_acc162,user162@mail.com,123456,2000-01-01,user
user163,user_acc163,user163@mail.com,123456,2000-01-01,user
user164,user_acc164,user164@mail.com,123456,2000-01-01,user
user165,user_acc165,user165@mail.com,123456,2000-01-01,user
user166,user_acc166,user166@mail.com,123456,2000-01-01,user
user167,user_acc167,user167@mail.com,123456,2000-01-01,user
user168,user_acc168,user168@mail.com,123456,2000-01-01,user
user169,user_acc169,user169@mail.com,123456,2000-01-01,user
user170,user_acc170,user170@mail.com,123456,2000-01-01,user
user171,user_acc171,user171@mail.com,123456,2000-01-01,user
user172,user_acc172,user172@mail.com,123456,2000-01-01,user
user173,user_acc173,user173@mail.com,123456,2000-01-01,user
user174,user_acc174,user174@mail.com,123456,2000-01-01,user
user175,user_acc175,user175@mail.com,123456,2000-01-01,user
user176,user_acc176,user176@mail.com,123456,2000-01-01,user
user177,user_acc177,user177@mail.com,123456,2000-01-01,user
user178,user_acc178,user178@mail.com,123456,2000-01-01,user
user179,user_acc179,user179@mail.com,123456,2000-01-01,user
user180,user_acc180,user180@mail.com,123456,2000-01-01,user
user181,user_acc181,user181@mail.com,123456,2000-01-01,user
user182,user_acc182,user182@mail.com,123456,2000-01-01,user
user183,user_acc183,user183@mail.com,123456,2000-01-01,user
user184,user_acc184,user184@mail.com,123456,2000-01-01,user
user185,user_acc185,user185@mail.com,123456,2000-01-01,user
user186,user_acc186,user186@mail.com,123456,2000-01-01,user
user187,user_acc187,user187@mail.com,123456,2000-01-01,user
user188,user_acc188,user188@mail.com,123456,2000-01-01,user
user189,user_acc189,user189@mail.com,123456,2000-01-01,user
user190,user_acc190,user190@mail.com,123456,2000-01-01,user
user191,user_acc191,user191@mail.com,123456,2000-01-01,user
user192,user_acc192,user192@mail.com,123456,2000-01-01,user
user193,user_acc193,user193@mail.com,123456,2000-01-01,user
user194,user_acc194,user194@mail.com,123456,2000-01-01,user
user195,user_acc195,user195@mail.com,123456,2000-01-01,user
user196,user_acc196,user196@mail.com,123456,2000-01-01,user
user197,user_acc197,user197@mail.com,123456,2000-01-01,user
user198,user_acc198,user198@mail.com,123456,2000-01-01,user
user199,user_acc199,user199@mail.com,123456,2000-01-01,user
user200,user_acc200,user200@mail.com,123456,2000-01-01,user
user201,user_acc201,user201@mail.com,123456,2000-01-01,user
user202,user_acc202,user202@mail.com,123456,2000-01-01,user
user203,user_acc203,user203@mail.com,123456,2000-01-01,user
user204,user_acc204,user204@mail.com,123456,2000-01-01,user
user205,user_acc205,user205@mail.com,123456,2000-01-01,user
user206,user_acc206,user206@mail.com,123456,2000-01-01,user
user207,user_acc207,user207@mail.com,123456,2000-01-01,user
user208,user_acc208,user208@mail.com,123456,2000-01-01,user
user209,user_acc209,user209@mail.com,123456,2000-01-01,user
user210,user_acc210,user210@mail.com,123456,2000-01-01,user
user211,user_acc211,user211@mail.com,123456,2000-01-01,user
user212,user_acc212,user212@mail.com,123456,2000-01-01,user
user213,user_acc213,user213@mail.com,123456,2000-01-01,user
user214,user_acc214,user214@mail.com,123456,2000-01-01,user
user215,user_acc215,user215@mail.com,123456,2000-01-01,user
user216,user_acc216,user216@mail.com,123456,2000-01-01,user
user217,user_acc217,user217@mail.com,123456,2000-01-01,user
user218,user_acc218,user218@mail.com,123456,2000-01-01,user
user219,user_acc219,user219@mail.com,123456,2000-01-01,user
user220,user_acc220,user220@mail.com,123456,2000-01-01,user
user221,user_acc221,user221@mail.com,123456,2000-01-01,user
user222,user_acc222,user222@mail.com,123456,2000-01-01,user
user223,user_acc223,user223@mail.com,123456,2000-01-01,user
user224,user_acc224,user224@mail.com,123456,2000-01-01,user
user225,user_acc225,user225@mail.com,123456,2000-01-01,user
user226,user_acc226,user226@mail.com,123456,2000-01-01,user
user227,user_acc227,user227@mail.com,123456,2000-01-01,user
user228,user_acc228,user228@mail.com,123456,2000-01-01,user
user229,user_acc229,user229@mail.com,123456,2000-01-01,user
user230,user_acc230,user230@mail.com,123456,2000-01-01,user
user231,user_acc231,user231@mail.com,123456,2000-01-01,user
user232,user_acc232,user232@mail.com,123456,2000-01-01,user
user233,user_acc233,user233@mail.com,123456,2000-01-01,user
user234,user_acc234,user234@mail.com,123456,2000-01-01,user
user235,user_acc235,user235@mail.com,123456,2000-01-01,user
user236,user_acc236,user236@mail.com,123456,2000-01-01,user
user237,user_acc237,user237@mail.com,123456,2000-01-01,user
user238,user_acc238,user238@mail.com,123456,2000-01-01,user
user239,user_acc239,user239@mail.com,123456,2000-01-01,user
user240,user_acc240,user240@mail.com,123456,2000-01-01,user
user241,user_acc241,user241@mail.com,123456,2000-01-01,user
user242,user_acc242,user242@mail.com,123456,2000-01-01,user
user243,user_acc243,user243@mail.com,123456,2000-01-01,user
user244,user_acc244,user244@mail.com,123456,2000-01-01,user
user245,user_acc245,user245@mail.com,123456,2000-01-01,user
user246,user_acc246,user246@mail.com,123456,2000-01-01,user
user247,user_acc247,user247@mail.com,123456,2000-01-01,user
user248,user_acc248,user248@mail.com,123456,2000-01-01,user
user249,user_acc249,user249@mail.com,123456,2000-01-01,user
user250,user_acc250,user250@mail.com,123456,2000-01-01,user
user251,user_acc251,user251@mail.com,123456,2000-01-01,user
user252,user_acc252,user252@mail.com,123456,2000-01-01,user
user253,user_acc253,user253@mail.com,123456,2000-01-01,user
user254,user_acc254,user254@mail.com,123456,2000-01-01,user
user255,user_acc255,user255@mail.com,123456,2000-01-01,user
user256,user_acc256,user256@mail.com,123456,2000-01-01,user
user257,user_acc257,user257@mail.com,123456,2000-01-01,user
user258,user_acc258,user258@mail.com,123456,2000-01-01,user
user259,user_acc259,user259@mail.com,123456,2000-01-01,user
user260,user_acc260,user260@mail.com,123456,2000-01-01,user
user261,user_acc261,user261@mail.com,123456,2000-01-01,user
user262,user_acc262,user262@mail.com,123456,2000-01-01,user
user263,user_acc263,user263@mail.com,123456,2000-01-01,user
user264,user_acc264,user264@mail.com,123456,2000-01-01,user
user265,user_acc265,user265@mail.com,123456,2000-01-01,user
user266,user_acc266,user266@mail.com,123456,2000-01-01,user
user267,user_acc267,user267@mail.com,123456,2000-01-01,user
user268,user_acc268,user268@mail.com,123456,2000-01-01,user
user269,user_acc269,user269@mail.com,123456,2000-01-01,user
user270,user_acc270,user270@mail.com,123456,2000-01-01,user
user271,user_acc271,user271@mail.com,123456,2000-01-01,user
user272,user_acc272,user272@mail.com,123456,2000-01-01,user
user273,user_acc273,user273@mail.com,123456,2000-01-01,user
user274,user_acc274,user274@mail.com,123456,2000-01-01,user
user275,user_acc275,user275@mail.com,123456,2000-01-01,user
user276,user_acc276,user276@mail.com,123456,2000-01-01,user
user277,user_acc277,user277@mail.com,123456,2000-01-01,user
user278,user_acc278,user278@mail.com,123456,2000-01-01,user
user279,user_acc279,user279@mail.com,123456,2000-01-01,user
user280,user_acc280,user280@mail.com,123456,2000-01-01,user
user281,user_acc281,user281@mail.com,123456,2000-01-01,user
user282,user_acc282,user282@mail.com,123456,2000-01-01,user
user283,user_acc283,user283@mail.com,123456,2000-01-01,user
user284,user_acc284,user284@mail.com,123456,2000-01-01,user
user285,user_acc285,user285@mail.com,123456,2000-01-01,user
user286,user_acc286,user286@mail.com,123456,2000-01-01,user
user287,user_acc287,user287@mail.com,123456,2000-01-01,user
user288,user_acc288,user288@mail.com,123456,2000-01-01,user
user289,user_acc289,user289@mail.com,123456,2000-01-01,user
user290,user_acc290,user290@mail.com,123456,2000-01-01,user
user291,user_acc291,user291@mail.com,123456,2000-01-01,user
user292,user_acc292,user292@mail.com,123456,2000-01-01,user
user293,user_acc293,user293@mail.com,123456,2000-01-01,user
user294,user_acc294,user294@mail.com,123456,2000-01-01,user
user295,user_acc295,user295@mail.com,123456,2000-01-01,user
user296,user_acc296,user296@mail.com,123456,2000-01-01,user
user297,user_acc297,user297@mail.com,123456,2000-01-01,user
user298,user_acc298,user298@mail.com,123456,2000-01-01,user
user299,user_acc299,user299@mail.com,123456,2000-01-01,user
user300,user_acc300,user300@mail.com,123456,2000-01-01,user
user301,user_acc301,user301@mail.com,123456,2000-01-01,user
user302,user_acc302,user302@mail.com,123456,2000-01-01,user
user303,user_acc303,user303@mail.com,123456,2000-01-01,user
user304,user_acc304,user304@mail.com,123456,2000-01-01,user
user305,user_acc305,user305@mail.com,123456,2000-01-01,user
user306,user_acc306,user306@mail.com,123456,2000-01-01,user
user307,user_acc307,user307@mail.com,123456,2000-01-01,user
user308,user_acc308,user308@mail.com,123456,2000-01-01,user
user309,user_acc309,user309@mail.com,123456,2000-01-01,user
user310,user_acc310,user310@mail.com,123456,2000-01-01,user
user311,user_acc311,user311@mail.com,123456,2000-01-01,user
user312,user_acc312,user312@mail.com,123456,2000-01-01,user
user313,user_acc313,user313@mail.com,123456,2000-01-01,user
user314,user_acc314,user314@mail.com,123456,2000-01-01,user
user315,user_acc315,user315@mail.com,123456,2000-01-01,user
user316,user_acc316,user316@mail.com,123456,2000-01-01,user
user317,user_acc317,user317@mail.com,123456,2000-01-01,user
user318,user_acc318,user318@mail.com,123456,2000-01-01,user
user319,user_acc319,user319@mail.com,123456,2000-01-01,user
user320,user_acc320,user320@mail.com,123456,2000-01-01,user
user321,user_acc321,user321@mail.com,123456,2000-01-01,user
user322,user_acc322,user322@mail.com,123456,2000-01-01,user
user323,user_acc323,user323@mail.com,123456,2000-01-01,user
user324,user_acc324,user324@mail.com,123456,2000-01-01,user
user325,user_acc325,user325@mail.com,123456,2000-01-01,user
user326,user_acc326,user326@mail.com,123456,2000-01-01,user
user327,user_acc327,user327@mail.com,123456,2000-01-01,user
user328,user_acc328,user328@mail.com,123456,2000-01-01,user
user329,user_acc329,user329@mail.com,123456,2000-01-01,user
user330,user_acc330,user330@mail.com,123456,2000-01-01,user
user331,user_acc331,user331@mail.com,123456,2000-01-01,user
user332,user_acc332,user332@mail.com,123456,2000-01-01,user
user333,user_acc333,user333@mail.com,123456,2000-01-01,user
user334,user_acc334,user334@mail.com,123456,2000-01-01,user
user335,user_acc335,user335@mail.com,123456,2000-01-01,user
user336,user_acc336,user336@mail.com,123456,2000-01-01,user
user337,user_acc337,user337@mail.com,123456,2000-01-01,user
user338,user_acc338,user338@mail.com,123456,2000-01-01,user
user339,user_acc339,user339@mail.com,123456,2000-01-01,user
user340,user_acc340,user340@mail.com,123456,2000-01-01,user
user341,user_acc341,user341@mail.com,123456,2000-01-01,user
user342,user_acc342,user342@mail.com,123456,2000-01-01,user
user343,user_acc343,user343@mail.com,123456,2000-01-01,user
user344,user_acc344,user344@mail.com,123456,2000-01-01,user
user345,user_acc345,user345@mail.com,123456,2000-01-01,user
user346,user_acc346,user346@mail.com,123456,2000-01-01,user
user347,user_acc347,user347@mail.com,123456,2000-01-01,user
user348,user_acc348,user348@mail.com,123456,2000-01-01,user
user349,user_acc349,user349@mail.com,123456,2000-01-01,user
user350,user_acc350,user350@mail.com,123456,2000-01-01,user
user351,user_acc351,user351@mail.com,123456,2000-01-01,user
user352,user_acc352,user352@mail.com,123456,2000-01-01,user
user353,user_acc353,user353@mail.com,123456,2000-01-01,user
user354,user_acc354,user354@mail.com,123456,2000-01-01,user
user355,user_acc355,user355@mail.com,123456,2000-01-01,user
user356,user_acc356,user356@mail.com,123456,2000-01-01,user
user357,user_acc357,user357@mail.com,123456,2000-01-01,user
user358,user_acc358,user358@mail.com,123456,2000-01-01,user
user359,user_acc359,user359@mail.com,123456,2000-01-01,user
user360,user_acc360,user360@mail.com,123456,2000-01-01,user
user361,user_acc361,user361@mail.com,123456,2000-01-01,user
user362,user_acc362,user362@mail.com,123456,2000-01-01,user
user363,user_acc363,user363@mail.com,123456,2000-01-01,user
user364,user_acc364,user364@mail.com,123456,2000-01-01,user
user365,user_acc365,user365@mail.com,123456,2000-01-01,user
user366,user_acc366,user366@mail.com,123456,2000-01-01,user
user367,user_acc367,user367@mail.com,123456,2000-01-01,user
user368,user_acc368,user368@mail.com,123456,2000-01-01,user
user369,user_acc369,user369@mail.com,123456,2000-01-01,user
user370,user_acc370,user370@mail.com,123456,2000-01-01,user
user371,user_acc371,user371@mail.com,123456,2000-01-01,user
user372,user_acc372,user372@mail.com,123456,2000-01-01,user
user373,user_acc373,user373@mail.com,123456,2000-01-01,user
user374,user_acc374,user374@mail.com,123456,2000-01-01,user
user375,user_acc375,user375@mail.com,123456,2000-01-01,user
user376,user_acc376,user376@mail.com,123456,2000-01-01,user
user377,user_acc377,user377@mail.com,123456,2000-01-01,user
user378,user_acc378,user378@mail.com,123456,2000-01-01,user
user379,user_acc379,user379@mail.com,123456,2000-01-01,user
user380,user_acc380,user380@mail.com,123456,2000-01-01,user
user381,user_acc381,user381@mail.com,123456,2000-01-01,user
user382,user_acc382,user382@mail.com,123456,2000-01-01,user
user383,user_acc383,user383@mail.com,123456,2000-01-01,user
user384,user_acc384,user384@mail.com,123456,2000-01-01,user
user385,user_acc385,user385@mail.com,123456,2000-01-01,user
user386,user_acc386,user386@mail.com,123456,2000-01-01,user
user387,user_acc387,user387@mail.com,123456,2000-01-01,user
user388,user_acc388,user388@mail.com,123456,2000-01-01,user
user389,user_acc389,user389@mail.com,123456,2000-01-01,user
user390,user_acc390,user390@mail.com,123456,2000-01-01,user
user391,user_acc391,user391@mail.com,123456,2000-01-01,user
user392,user_acc392,user392@mail.com,123456,2000-01-01,user
user393,user_acc393,user393@mail.com,123456,2000-01-01,user
user394,user_acc394,user394@mail.com,123456,2000-01-01,user
user395,user_acc395,user395@mail.com,123456,2000-01-01,user
user396,user_acc396,user396@mail.com,123456,2000-01-01,user
user397,user_acc397,user397@mail.com,123456,2000-01-01,user
user398,user_acc398,user398@mail.com,123456,2000-01-01,user
user399,user_acc399,user399@mail.com,123456,2000-01-01,user
user400,user_acc400,user400@mail.com,123456,2000-01-01,user
user401,user_acc401,user401@mail.com,123456,2000-01-01,user
user402,user_acc402,user402@mail.com,123456,2000-01-01,user
user403,user_acc403,user403@mail.com,123456,2000-01-01,user
user404,user_acc404,user404@mail.com,123456,2000-01-01,user
user405,user_acc405,user405@mail.com,123456,2000-01-01,user
user406,user_acc406,user406@mail.com,123456,2000-01-01,user
user407,user_acc407,user407@mail.com,123456,2000-01-01,user
user408,user_acc408,user408@mail.com,123456,2000-01-01,user
user409,user_acc409,user409@mail.com,123456,2000-01-01,user
user410,user_acc410,user410@mail.com,123456,2000-01-01,user
user411,user_acc411,user411@mail.com,123456,2000-01-01,user
user412,user_acc412,user412@mail.com,123456,2000-01-01,user
user413,user_acc413,user413@mail.com,123456,2000-01-01,user
user414,user_acc414,user414@mail.com,123456,2000-01-01,user
user415,user_acc415,user415@mail.com,123456,2000-01-01,user
user416,user_acc416,user416@mail.com,123456,2000-01-01,user
user417,user_acc417,user417@mail.com,123456,2000-01-01,user
user418,user_acc418,user418@mail.com,123456,2000-01-01,user
user419,user_acc419,user419@mail.com,123456,2000-01-01,user
user420,user_acc420,user420@mail.com,123456,2000-01-01,user
user421,user_acc421,user421@mail.com,123456,2000-01-01,user
user422,user_acc422,user422@mail.com,123456,2000-01-01,user
user423,user_acc423,user423@mail.com,123456,2000-01-01,user
user424,user_acc424,user424@mail.com,123456,2000-01-01,user
user425,user_acc425,user425@mail.com,123456,2000-01-01,user
user426,user_acc426,user426@mail.com,123456,2000-01-01,user
user427,user_acc427,user427@mail.com,123456,2000-01-01,user
user428,user_acc428,user428@mail.com,123456,2000-01-01,user
user429,user_acc429,user429@mail.com,123456,2000-01-01,user
user430,user_acc430,user430@mail.com,123456,2000-01-01,user
user431,user_acc431,user431@mail.com,123456,2000-01-01,user
user432,user_acc432,user432@mail.com,123456,2000-01-01,user
user433,user_acc433,user433@mail.com,123456,2000-01-01,user
user434,user_acc434,user434@mail.com,123456,2000-01-01,user
user435,user_acc435,user435@mail.com,123456,2000-01-01,user
user436,user_acc436,user436@mail.com,123456,2000-01-01,user
user437,user_acc437,user437@mail.com,123456,2000-01-01,user
user438,user_acc438,user438@mail.com,123456,2000-01-01,user
user439,user_acc439,user439@mail.com,123456,2000-01-01,user
user440,user_acc440,user440@mail.com,123456,2000-01-01,user
user441,user_acc441,user441@mail.com,123456,2000-01-01,user
user442,user_acc442,user442@mail.com,123456,2000-01-01,user
user443,user_acc443,user443@mail.com,123456,2000-01-01,user
user444,user_acc444,user444@mail.com,123456,2000-01-01,user
user445,user_acc445,user445@mail.com,123456,2000-01-01,user
user446,user_acc446,user446@mail.com,123456,2000-01-01,user
user447,user_acc447,user447@mail.com,123456,2000-01-01,user
user448,user_acc448,user448@mail.com,123456,2000-01-01,user
user449,user_acc449,user449@mail.com,123456,2000-01-01,user
user450,user_acc450,user450@mail.com,123456,2000-01-01,user
user451,user_acc451,user451@mail.com,123456,2000-01-01,user
user452,user_acc452,user452@mail.com,123456,2000-01-01,user
user453,user_acc453,user453@mail.com,123456,2000-01-01,user
user454,user_acc454,user454@mail.com,123456,2000-01-01,user
user455,user_acc455,user455@mail.com,123456,2000-01-01,user
user456,user_acc456,user456@mail.com,123456,2000-01-01,user
user457,user_acc457,user457@mail.com,123456,2000-01-01,user
user458,user_acc458,user458@mail.com,123456,2000-01-01,user
user459,user_acc459,user459@mail.com,123456,2000-01-01,user
user460,user_acc460,user460@mail.com,123456,2000-01-01,user
user461,user_acc461,user461@mail.com,123456,2000-01-01,user
user462,user_acc462,user462@mail.com,123456,2000-01-01,user
user463,user_acc463,user463@mail.com,123456,2000-01-01,user
user464,user_acc464,user464@mail.com,123456,2000-01-01,user
user465,user_acc465,user465@mail.com,123456,2000-01-01,user
user466,user_acc466,user466@mail.com,123456,2000-01-01,user
user467,user_acc467,user467@mail.com,123456,2000-01-01,user
user468,user_acc468,user468@mail.com,123456,2000-01-01,user
user469,user_acc469,user469@mail.com,123456,2000-01-01,user
user470,user_acc470,user470@mail.com,123456,2000-01-01,user
user471,user_acc471,user471@mail.com,123456,2000-01-01,user
user472,user_acc472,user472@mail.com,123456,2000-01-01,user
user473,user_acc473,user473@mail.com,123456,2000-01-01,user
user474,user_acc474,user474@mail.com,123456,2000-01-01,user
user475,user_acc475,user475@mail.com,123456,2000-01-01,user
user476,user_acc476,user476@mail.com,123456,2000-01-01,user
user477,user_acc477,user477@mail.com,123456,2000-01-01,user
user478,user_acc478,user478@mail.com,123456,2000-01-01,user
user479,user_acc479,user479@mail.com,123456,2000-01-01,user
user480,user_acc480,user480@mail.com,123456,2000-01-01,user
user481,user_acc481,user481@mail.com,123456,2000-01-01,user
user482,user_acc482,user482@mail.com,123456,2000-01-01,user
user483,user_acc483,user483@mail.com,123456,2000-01-01,user
user484,user_acc484,user484@mail.com,123456,2000-01-01,user
user485,user_acc485,user485@mail.com,123456,2000-01-01,user
user486,user_acc486,user486@mail.com,123456,2000-01-01,user
user487,user_acc487,user487@mail.com,123456,2000-01-01,user
user488,user_acc488,user488@mail.com,123456,2000-01-01,user
user489,user_acc489,user489@mail.com,123456,2000-01-01,user
user490,user_acc490,user490@mail.com,123456,2000-01-01,user
user491,user_acc491,user491@mail.com,123456,2000-01-01,user
user492,user_acc492,user492@mail.com,123456,2000-01-01,user
user493,user_acc493,user493@mail.com,123456,2000-01-01,user
user494,user_acc494,user494@mail.com,123456,2000-01-01,user
user495,user_acc495,user495@mail.com,123456,2000-01-01,user
user496,user_acc496,user496@mail.com,123456,2000-01-01,user
user497,user_acc497,user497@mail.com,123456,2000-01-01,user
user498,user_acc498,user498@mail.com,123456,2000-01-01,user
user499,user_acc499,user499@mail.com,123456,2000-01-01,user
user500,user_acc500,user500@mail.com,123456,2000-01-01,user
user501,user_acc501,user501@mail.com,123456,2000-01-01,user
user502,user_acc502,user502@mail.com,123456,2000-01-01,user
user503,user_acc503,user503@mail.com,123456,2000-01-01,user
user504,user_acc504,user504@mail.com,123456,2000-01-01,user
user505,user_acc505,user505@mail.com,123456,2000-01-01,user
user506,user_acc506,user506@mail.com,123456,2000-01-01,user
user507,user_acc507,user507@mail.com,123456,2000-01-01,user
user508,user_acc508,user508@mail.com,123456,2000-01-01,user
user509,user_acc509,user509@mail.com,123456,2000-01-01,user
user510,user_acc510,user510@mail.com,123456,2000-01-01,user
user511,user_acc511,user511@mail.com,123456,2000-01-01,user
user512,user_acc512,user512@mail.com,123456,2000-01-01,user
user513,user_acc513,user513@mail.com,123456,2000-01-01,user
user514,user_acc514,user514@mail.com,123456,2000-01-01,user
user515,user_acc515,user515@mail.com,123456,2000-01-01,user
user516,user_acc516,user516@mail.com,123456,2000-01-01,user
user517,user_acc517,user517@mail.com,123456,2000-01-01,user
user518,user_acc518,user518@mail.com,123456,2000-01-01,user
user519,user_acc519,user519@mail.com,123456,2000-01-01,user
user520,user_acc520,user520@mail.com,123456,2000-01-01,user
user521,user_acc521,user521@mail.com,123456,2000-01-01,user
user522,user_acc522,user522@mail.com,123456,2000-01-01,user
user523,user_acc523,user523@mail.com,123456,2000-01-01,user
user524,user_acc524,user524@mail.com,123456,2000-01-01,user
user525,user_acc525,user525@mail.com,123456,2000-01-01,user
user526,user_acc526,user526@mail.com,123456,2000-01-01,user
user527,user_acc527,user527@mail.com,123456,2000-01-01,user
user528,user_acc528,user528@mail.com,123456,2000-01-01,user
user529,user_acc529,user529@mail.com,123456,2000-01-01,user
user530,user_acc530,user530@mail.com,123456,2000-01-01,user
user531,user_acc531,user531@mail.com,123456,2000-01-01,user
user532,user_acc532,user532@mail.com,123456,2000-01-01,user
user533,user_acc533,user533@mail.com,123456,2000-01-01,user
user534,user_acc534,user534@mail.com,123456,2000-01-01,user
user535,user_acc535,user535@mail.com,123456,2000-01-01,user
user536,user_acc536,user536@mail.com,123456,2000-01-01,user
user537,user_acc537,user537@mail.com,123456,2000-01-01,user
user538,user_acc538,user538@mail.com,123456,2000-01-01,user
user539,user_acc539,user539@mail.com,123456,2000-01-01,user
user540,user_acc540,user540@mail.com,123456,2000-01-01,user
user541,user_acc541,user541@mail.com,123456,2000-01-01,user
user542,user_acc542,user542@mail.com,123456,2000-01-01,user
user543,user_acc543,user543@mail.com,123456,2000-01-01,user
user544,user_acc544,user544@mail.com,123456,2000-01-01,user
user545,user_acc545,user545@mail.com,123456,2000-01-01,user
user546,user_acc546,user546@mail.com,123456,2000-01-01,user
user547,user_acc547,user547@mail.com,123456,2000-01-01,user
user548,user_acc548,user548@mail.com,123456,2000-01-01,user
user549,user_acc549,user549@mail.com,123456,2000-01-01,user
user550,user_acc550,user550@mail.com,123456,2000-01-01,user
user551,user_acc551,user551@mail.com,123456,2000-01-01,user
user552,user_acc552,user552@mail.com,123456,2000-01-01,user
user553,user_acc553,user553@mail.com,123456,2000-01-01,user
user554,user_acc554,user554@mail.com,123456,2000-01-01,user
user555,user_acc555,user555@mail.com,123456,2000-01-01,user
user556,user_acc556,user556@mail.com,123456,2000-01-01,user
user557,user_acc557,user557@mail.com,123456,2000-01-01,user
user558,user_acc558,user558@mail.com,123456,2000-01-01,user
user559,user_acc559,user559@mail.com,123456,2000-01-01,user
user560,user_acc560,user560@mail.com,123456,2000-01-01,user
user561,user_acc561,user561@mail.com,123456,2000-01-01,user
user562,user_acc562,user562@mail.com,123456,2000-01-01,user
user563,user_acc563,user563@mail.com,123456,2000-01-01,user
user564,user_acc564,user564@mail.com,123456,2000-01-01,user
user565,user_acc565,user565@mail.com,123456,2000-01-01,user
user566,user_acc566,user566@mail.com,123456,2000-01-01,user
user567,user_acc567,user567@mail.com,123456,2000-01-01,user
user568,user_acc568,user568@mail.com,123456,2000-01-01,user
user569,user_acc569,user569@mail.com,123456,2000-01-01,user
user570,user_acc570,user570@mail.com,123456,2000-01-01,user
user571,user_acc571,user571@mail.com,123456,2000-01-01,user
user572,user_acc572,user572@mail.com,123456,2000-01-01,user
user573,user_acc573,user573@mail.com,123456,2000-01-01,user
user574,user_acc574,user574@mail.com,123456,2000-01-01,user
user575,user_acc575,user575@mail.com,123456,2000-01-01,user
user576,user_acc576,user576@mail.com,123456,2000-01-01,user
user577,user_acc577,user577@mail.com,123456,2000-01-01,user
user578,user_acc578,user578@mail.com,123456,2000-01-01,user
user579,user_acc579,user579@mail.com,123456,2000-01-01,user
user580,user_acc580,user580@mail.com,123456,2000-01-01,user
user581,user_acc581,user581@mail.com,123456,2000-01-01,user
user582,user_acc582,user582@mail.com,123456,2000-01-01,user
user583,user_acc583,user583@mail.com,123456,2000-01-01,user
user584,user_acc584,user584@mail.com,123456,2000-01-01,user
user585,user_acc585,user585@mail.com,123456,2000-01-01,user
user586,user_acc586,user586@mail.com,123456,2000-01-01,user
user587,user_acc587,user587@mail.com,123456,2000-01-01,user
user588,user_acc588,user588@mail.com,123456,2000-01-01,user
user589,user_acc589,user589@mail.com,123456,2000-01-01,user
user590,user_acc590,user590@mail.com,123456,2000-01-01,user
user591,user_acc591,user591@mail.com,123456,2000-01-01,user
user592,user_acc592,user592@mail.com,123456,2000-01-01,user
user593,user_acc593,user593@mail.com,123456,2000-01-01,user
user594,user_acc594,user594@mail.com,123456,2000-01-01,user
user595,user_acc595,user595@mail.com,123456,2000-01-01,user
user596,user_acc596,user596@mail.com,123456,2000-01-01,user
user597,user_acc597,user597@mail.com,123456,2000-01-01,user
user598,user_acc598,user598@mail.com,123456,2000-01-01,user
user599,user_acc599,user599@mail.com,123456,2000-01-01,user
user600,user_acc600,user600@mail.com,123456,2000-01-01,user
user601,user_acc601,user601@mail.com,123456,2000-01-01,user
user602,user_acc602,user602@mail.com,123456,2000-01-01,user
user603,user_acc603,user603@mail.com,123456,2000-01-01,user
user604,user_acc604,user604@mail.com,123456,2000-01-01,user
user605,user_acc605,user605@mail.com,123456,2000-01-01,user
user606,user_acc606,user606@mail.com,123456,2000-01-01,user
user607,user_acc607,user607@mail.com,123456,2000-01-01,user
user608,user_acc608,user608@mail.com,123456,2000-01-01,user
user609,user_acc609,user609@mail.com,123456,2000-01-01,user
user610,user_acc610,user610@mail.com,123456,2000-01-01,user
user611,user_acc611,user611@mail.com,123456,2000-01-01,user
user612,user_acc612,user612@mail.com,123456,2000-01-01,user
user613,user_acc613,user613@mail.com,123456,2000-01-01,user
user614,user_acc614,user614@mail.com,123456,2000-01-01,user
user615,user_acc615,user615@mail.com,123456,2000-01-01,user
user616,user_acc616,user616@mail.com,123456,2000-01-01,user
user617,user_acc617,user617@mail.com,123456,2000-01-01,user
user618,user_acc618,user618@mail.com,123456,2000-01-01,user
user619,user_acc619,user619@mail.com,123456,2000-01-01,user
user620,user_acc620,user620@mail.com,123456,2000-01-01,user
user621,user_acc621,user621@mail.com,123456,2000-01-01,user
user622,user_acc622,user622@mail.com,123456,2000-01-01,user
user623,user_acc623,user623@mail.com,123456,2000-01-01,user
user624,user_acc624,user624@mail.com,123456,2000-01-01,user
user625,user_acc625,user625@mail.com,123456,2000-01-01,user
user626,user_acc626,user626@mail.com,123456,2000-01-01,user
user627,user_acc627,user627@mail.com,123456,2000-01-01,user
user628,user_acc628,user628@mail.com,123456,2000-01-01,user
user629,user_acc629,user629@mail.com,123456,2000-01-01,user
user630,user_acc630,user630@mail.com,123456,2000-01-01,user
user631,user_acc631,user631@mail.com,123456,2000-01-01,user
user632,user_acc632,user632@mail.com,123456,2000-01-01,user
user633,user_acc633,user633@mail.com,123456,2000-01-01,user
user634,user_acc634,user634@mail.com,123456,2000-01-01,user
user635,user_acc635,user635@mail.com,123456,2000-01-01,user
user636,user_acc636,user636@mail.com,123456,2000-01-01,user
user637,user_acc637,user637@mail.com,123456,2000-01-01,user
user638,user_acc638,user638@mail.com,123456,2000-01-01,user
user639,user_acc639,user639@mail.com,123456,2000-01-01,user
user640,user_acc640,user640@mail.com,123456,2000-01-01,user
user641,user_acc641,user641@mail.com,123456,2000-01-01,user
user642,user_acc642,user642@mail.com,123456,2000-01-01,user
user643,user_acc643,user643@mail.com,123456,2000-01-01,user
user644,user_acc644,user644@mail.com,123456,2000-01-01,user
user645,user_acc645,user645@mail.com,123456,2000-01-01,user
user646,user_acc646,user646@mail.com,123456,2000-01-01,user
user647,user_acc647,user647@mail.com,123456,2000-01-01,user
user648,user_acc648,user648@mail.com,123456,2000-01-01,user
user649,user_acc649,user649@mail.com,123456,2000-01-01,user
user650,user_acc650,user650@mail.com,123456,2000-01-01,user
user651,user_acc651,user651@mail.com,123456,2000-01-01,user
user652,user_acc652,user652@mail.com,123456,2000-01-01,user
user653,user_acc653,user653@mail.com,123456,2000-01-01,user
user654,user_acc654,user654@mail.com,123456,2000-01-01,user
user655,user_acc655,user655@mail.com,123456,2000-01-01,user
user656,user_acc656,user656@mail.com,123456,2000-01-01,user
user657,user_acc657,user657@mail.com,123456,2000-01-01,user
user658,user_acc658,user658@mail.com,123456,2000-01-01,user
user659,user_acc659,user659@mail.com,123456,2000-01-01,user
user660,user_acc660,user660@mail.com,123456,2000-01-01,user
user661,user_acc661,user661@mail.com,123456,2000-01-01,user
user662,user_acc662,user662@mail.com,123456,2000-01-01,user
user663,user_acc663,user663@mail.com,123456,2000-01-01,user
user664,user_acc664,user664@mail.com,123456,2000-01-01,user
user665,user_acc665,user665@mail.com,123456,2000-01-01,user
user666,user_acc666,user666@mail.com,123456,2000-01-01,user
user667,user_acc667,user667@mail.com,123456,2000-01-01,user
user668,user_acc668,user668@mail.com,123456,2000-01-01,user
user669,user_acc669,user669@mail.com,123456,2000-01-01,user
user670,user_acc670,user670@mail.com,123456,2000-01-01,user
user671,user_acc671,user671@mail.com,123456,2000-01-01,user
user672,user_acc672,user672@mail.com,123456,2000-01-01,user
user673,user_acc673,user673@mail.com,123456,2000-01-01,user
user674,user_acc674,user674@mail.com,123456,2000-01-01,user
user675,user_acc675,user675@mail.com,123456,2000-01-01,user
user676,user_acc676,user676@mail.com,123456,2000-01-01,user
user677,user_acc677,user677@mail.com,123456,2000-01-01,user
user678,user_acc678,user678@mail.com,123456,2000-01-01,user
user679,user_acc679,user679@mail.com,123456,2000-01-01,user
user680,user_acc680,user680@mail.com,123456,2000-01-01,user
user681,user_acc681,user681@mail.com,123456,2000-01-01,user
user682,user_acc682,user682@mail.com,123456,2000-01-01,user
user683,user_acc683,user683@mail.com,123456,2000-01-01,user
user684,user_acc684,user684@mail.com,123456,2000-01-01,user
user685,user_acc685,user685@mail.com,123456,2000-01-01,user
user686,user_acc686,user686@mail.com,123456,2000-01-01,user
user687,user_acc687,user687@mail.com,123456,2000-01-01,user
user688,user_acc688,user688@mail.com,123456,2000-01-01,user
user689,user_acc689,user689@mail.com,123456,2000-01-01,user
user690,user_acc690,user690@mail.com,123456,2000-01-01,user
user691,user_acc691,user691@mail.com,123456,2000-01-01,user
user692,user_acc692,user692@mail.com,123456,2000-01-01,user
user693,user_acc693,user693@mail.com,123456,2000-01-01,user
user694,user_acc694,user694@mail.com,123456,2000-01-01,user
user695,user_acc695,user695@mail.com,123456,2000-01-01,user
user696,user_acc696,user696@mail.com,123456,2000-01-01,user
user697,user_acc697,user697@mail.com,123456,2000-01-01,user
user698,user_acc698,user698@mail.com,123456,2000-01-01,user
user699,user_acc699,user699@mail.com,123456,2000-01-01,user
user700,user_acc700,user700@mail.com,123456,2000-01-01,user
user701,user_acc701,user701@mail.com,123456,2000-01-01,user
user702,user_acc702,user702@mail.com,123456,2000-01-01,user
user703,user_acc703,user703@mail.com,123456,2000-01-01,user
user704,user_acc704,user704@mail.com,123456,2000-01-01,user
user705,user_acc705,user705@mail.com,123456,2000-01-01,user
user706,user_acc706,user706@mail.com,123456,2000-01-01,user
user707,user_acc707,user707@mail.com,123456,2000-01-01,user
user708,user_acc708,user708@mail.com,123456,2000-01-01,user
user709,user_acc709,user709@mail.com,123456,2000-01-01,user
user710,user_acc710,user710@mail.com,123456,2000-01-01,user
user711,user_acc711,user711@mail.com,123456,2000-01-01,user
user712,user_acc712,user712@mail.com,123456,2000-01-01,user
user713,user_acc713,user713@mail.com,123456,2000-01-01,user
user714,user_acc714,user714@mail.com,123456,2000-01-01,user
user715,user_acc715,user715@mail.com,123456,2000-01-01,user
user716,user_acc716,user716@mail.com,123456,2000-01-01,user
user717,user_acc717,user717@mail.com,123456,2000-01-01,user
user718,user_acc718,user718@mail.com,123456,2000-01-01,user
user719,user_acc719,user719@mail.com,123456,2000-01-01,user
user720,user_acc720,user720@mail.com,123456,2000-01-01,user
user721,user_acc721,user721@mail.com,123456,2000-01-01,user
user722,user_acc722,user722@mail.com,123456,2000-01-01,user
user723,user_acc723,user723@mail.com,123456,2000-01-01,user
user724,user_acc724,user724@mail.com,123456,2000-01-01,user
user725,user_acc725,user725@mail.com,123456,2000-01-01,user
user726,user_acc726,user726@mail.com,123456,2000-01-01,user
user727,user_acc727,user727@mail.com,123456,2000-01-01,user
user728,user_acc728,user728@mail.com,123456,2000-01-01,user
user729,user_acc729,user729@mail.com,123456,2000-01-01,user
user730,user_acc730,user730@mail.com,123456,2000-01-01,user
user731,user_acc731,user731@mail.com,123456,2000-01-01,user
user732,user_acc732,user732@mail.com,123456,2000-01-01,user
user733,user_acc733,user733@mail.com,123456,2000-01-01,user
user734,user_acc734,user734@mail.com,123456,2000-01-01,user
user735,user_acc735,user735@mail.com,123456,2000-01-01,user
user736,user_acc736,user736@mail.com,123456,2000-01-01,user
user737,user_acc737,user737@mail.com,123456,2000-01-01,user
user738,user_acc738,user738@mail.com,123456,2000-01-01,user
user739,user_acc739,user739@mail.com,123456,2000-01-01,user
user740,user_acc740,user740@mail.com,123456,2000-01-01,user
user741,user_acc741,user741@mail.com,123456,2000-01-01,user
user742,user_acc742,user742@mail.com,123456,2000-01-01,user
user743,user_acc743,user743@mail.com,123456,2000-01-01,user
user744,user_acc744,user744@mail.com,123456,2000-01-01,user
user745,user_acc745,user745@mail.com,123456,2000-01-01,user
user746,user_acc746,user746@mail.com,123456,2000-01-01,user
user747,user_acc747,user747@mail.com,123456,2000-01-01,user
user748,user_acc748,user748@mail.com,123456,2000-01-01,user
user749,user_acc749,user749@mail.com,123456,2000-01-01,user
user750,user_acc750,user750@mail.com,123456,2000-01-01,user
user751,user_acc751,user751@mail.com,123456,2000-01-01,user
user752,user_acc752,user752@mail.com,123456,2000-01-01,user
user753,user_acc753,user753@mail.com,123456,2000-01-01,user
user754,user_acc754,user754@mail.com,123456,2000-01-01,user
user755,user_acc755,user755@mail.com,123456,2000-01-01,user
user756,user_acc756,user756@mail.com,123456,2000-01-01,user
user757,user_acc757,user757@mail.com,123456,2000-01-01,user
user758,user_acc758,user758@mail.com,123456,2000-01-01,user
user759,user_acc759,user759@mail.com,123456,2000-01-01,user
user760,user_acc760,user760@mail.com,123456,2000-01-01,user
user761,user_acc761,user761@mail.com,123456,2000-01-01,user
user762,user_acc762,user762@mail.com,123456,2000-01-01,user
user763,user_acc763,user763@mail.com,123456,2000-01-01,user
user764,user_acc764,user764@mail.com,123456,2000-01-01,user
user765,user_acc765,user765@mail.com,123456,2000-01-01,user
user766,user_acc766,user766@mail.com,123456,2000-01-01,user
user767,user_acc767,user767@mail.com,123456,2000-01-01,user
user768,user_acc768,user768@mail.com,123456,2000-01-01,user
user769,user_acc769,user769@mail.com,123456,2000-01-01,user
user770,user_acc770,user770@mail.com,123456,2000-01-01,user
user771,user_acc771,user771@mail.com,123456,2000-01-01,user
user772,user_acc772,user772@mail.com,123456,2000-01-01,user
user773,user_acc773,user773@mail.com,123456,2000-01-01,user
user774,user_acc774,user774@mail.com,123456,2000-01-01,user
user775,user_acc775,user775@mail.com,123456,2000-01-01,user
user776,user_acc776,user776@mail.com,123456,2000-01-01,user
user777,user_acc777,user777@mail.com,123456,2000-01-01,user
user778,user_acc778,user778@mail.com,123456,2000-01-01,user
user779,user_acc779,user779@mail.com,123456,2000-01-01,user
user780,user_acc780,user780@mail.com,123456,2000-01-01,user
user781,user_acc781,user781@mail.com,123456,2000-01-01,user
user782,user_acc782,user782@mail.com,123456,2000-01-01,user
user783,user_acc783,user783@mail.com,123456,2000-01-01,user
user784,user_acc784,user784@mail.com,123456,2000-01-01,user
user785,user_acc785,user785@mail.com,123456,2000-01-01,user
user786,user_acc786,user786@mail.com,123456,2000-01-01,user
user787,user_acc787,user787@mail.com,123456,2000-01-01,user
user788,user_acc788,user788@mail.com,123456,2000-01-01,user
user789,user_acc789,user789@mail.com,123456,2000-01-01,user
user790,user_acc790,user790@mail.com,123456,2000-01-01,user
user791,user_acc791,user791@mail.com,123456,2000-01-01,user
user792,user_acc792,user792@mail.com,123456,2000-01-01,user
user793,user_acc793,user793@mail.com,123456,2000-01-01,user
user794,user_acc794,user794@mail.com,123456,2000-01-01,user
user795,user_acc795,user795@mail.com,123456,2000-01-01,user
user796,user_acc796,user796@mail.com,123456,2000-01-01,user
user797,user_acc797,user797@mail.com,123456,2000-01-01,user
user798,user_acc798,user798@mail.com,123456,2000-01-01,user
user799,user_acc799,user799@mail.com,123456,2000-01-01,user
user800,user_acc800,user800@mail.com,123456,2000-01-01,user
user801,user_acc801,user801@mail.com,123456,2000-01-01,user
user802,user_acc802,user802@mail.com,123456,2000-01-01,user
user803,user_acc803,user803@mail.com,123456,2000-01-01,user
user804,user_acc804,user804@mail.com,123456,2000-01-01,user
user805,user_acc805,user805@mail.com,123456,2000-01-01,user
user806,user_acc806,user806@mail.com,123456,2000-01-01,user
user807,user_acc807,user807@mail.com,123456,2000-01-01,user
user808,user_acc808,user808@mail.com,123456,2000-01-01,user
user809,user_acc809,user809@mail.com,123456,2000-01-01,user
user810,user_acc810,user810@mail.com,123456,2000-01-01,user
user811,user_acc811,user811@mail.com,123456,2000-01-01,user
user812,user_acc812,user812@mail.com,123456,2000-01-01,user
user813,user_acc813,user813@mail.com,123456,2000-01-01,user
user814,user_acc814,user814@mail.com,123456,2000-01-01,user
user815,user_acc815,user815@mail.com,123456,2000-01-01,user
user816,user_acc816,user816@mail.com,123456,2000-01-01,user
user817,user_acc817,user817@mail.com,123456,2000-01-01,user
user818,user_acc818,user818@mail.com,123456,2000-01-01,user
user819,user_acc819,user819@mail.com,123456,2000-01-01,user
user820,user_acc820,user820@mail.com,123456,2000-01-01,user
user821,user_acc821,user821@mail.com,123456,2000-01-01,user
user822,user_acc822,user822@mail.com,123456,2000-01-01,user
user823,user_acc823,user823@mail.com,123456,2000-01-01,user
user824,user_acc824,user824@mail.com,123456,2000-01-01,user
user825,user_acc825,user825@mail.com,123456,2000-01-01,user
user826,user_acc826,user826@mail.com,123456,2000-01-01,user
user827,user_acc827,user827@mail.com,123456,2000-01-01,user
user828,user_acc828,user828@mail.com,123456,2000-01-01,user
user829,user_acc829,user829@mail.com,123456,2000-01-01,user
user830,user_acc830,user830@mail.com,123456,2000-01-01,user
user831,user_acc831,user831@mail.com,123456,2000-01-01,user
user832,user_acc832,user832@mail.com,123456,2000-01-01,user
user833,user_acc833,user833@mail.com,123456,2000-01-01,user
user834,user_acc834,user834@mail.com,123456,2000-01-01,user
user835,user_acc835,user835@mail.com,123456,2000-01-01,user
user836,user_acc836,user836@mail.com,123456,2000-01-01,user
user837,user_acc837,user837@mail.com,123456,2000-01-01,user
user838,user_acc838,user838@mail.com,123456,2000-01-01,user
user839,user_acc839,user839@mail.com,123456,2000-01-01,user
user840,user_acc840,user840@mail.com,123456,2000-01-01,user
user841,user_acc841,user841@mail.com,123456,2000-01-01,user
user842,user_acc842,user842@mail.com,123456,2000-01-01,user
user843,user_acc843,user843@mail.com,123456,2000-01-01,user
user844,user_acc844,user844@mail.com,123456,2000-01-01,user
user845,user_acc845,user845@mail.com,123456,2000-01-01,user
user846,user_acc846,user846@mail.com,123456,2000-01-01,user
user847,user_acc847,user847@mail.com,123456,2000-01-01,user
user848,user_acc848,user848@mail.com,123456,2000-01-01,user
user849,user_acc849,user849@mail.com,123456,2000-01-01,user
user850,user_acc850,user850@mail.com,123456,2000-01-01,user
user851,user_acc851,user851@mail.com,123456,2000-01-01,user
user852,user_acc852,user852@mail.com,123456,2000-01-01,user
user853,user_acc853,user853@mail.com,123456,2000-01-01,user
user854,user_acc854,user854@mail.com,123456,2000-01-01,user
user855,user_acc855,user855@mail.com,123456,2000-01-01,user
user856,user_acc856,user856@mail.com,123456,2000-01-01,user
user857,user_acc857,user857@mail.com,123456,2000-01-01,user
user858,user_acc858,user858@mail.com,123456,2000-01-01,user
user859,user_acc859,user859@mail.com,123456,2000-01-01,user
user860,user_acc860,user860@mail.com,123456,2000-01-01,user
user861,user_acc861,user861@mail.com,123456,2000-01-01,user
user862,user_acc862,user862@mail.com,123456,2000-01-01,user
user863,user_acc863,user863@mail.com,123456,2000-01-01,user
user864,user_acc864,user864@mail.com,123456,2000-01-01,user
user865,user_acc865,user865@mail.com,123456,2000-01-01,user
user866,user_acc866,user866@mail.com,123456,2000-01-01,user
user867,user_acc867,user867@mail.com,123456,2000-01-01,user
user868,user_acc868,user868@mail.com,123456,2000-01-01,user
user869,user_acc869,user869@mail.com,123456,2000-01-01,user
user870,user_acc870,user870@mail.com,123456,2000-01-01,user
user871,user_acc871,user871@mail.com,123456,2000-01-01,user
user872,user_acc872,user872@mail.com,123456,2000-01-01,user
user873,user_acc873,user873@mail.com,123456,2000-01-01,user
user874,user_acc874,user874@mail.com,123456,2000-01-01,user
user875,user_acc875,user875@mail.com,123456,2000-01-01,user
user876,user_acc876,user876@mail.com,123456,2000-01-01,user
user877,user_acc877,user877@mail.com,123456,2000-01-01,user
user878,user_acc878,user878@mail.com,123456,2000-01-01,user
user879,user_acc879,user879@mail.com,123456,2000-01-01,user
user880,user_acc880,user880@mail.com,123456,2000-01-01,user
user881,user_acc881,user881@mail.com,123456,2000-01-01,user
user882,user_acc882,user882@mail.com,123456,2000-01-01,user
user883,user_acc883,user883@mail.com,123456,2000-01-01,user
user884,user_acc884,user884@mail.com,123456,2000-01-01,user
user885,user_acc885,user885@mail.com,123456,2000-01-01,user
user886,user_acc886,user886@mail.com,123456,2000-01-01,user
user887,user_acc887,user887@mail.com,123456,2000-01-01,user
user888,user_acc888,user888@mail.com,123456,2000-01-01,user
user889,user_acc889,user889@mail.com,123456,2000-01-01,user
user890,user_acc890,user890@mail.com,123456,2000-01-01,user
user891,user_acc891,user891@mail.com,123456,2000-01-01,user
user892,user_acc892,user892@mail.com,123456,2000-01-01,user
user893,user_acc893,user893@mail.com,123456,2000-01-01,user
user894,user_acc894,user894@mail.com,123456,2000-01-01,user
user895,user_acc895,user895@mail.com,123456,2000-01-01,user
user896,user_acc896,user896@mail.com,123456,2000-01-01,user
user897,user_acc897,user897@mail.com,123456,2000-01-01,user
user898,user_acc898,user898@mail.com,123456,2000-01-01,user
user899,user_acc899,user899@mail.com,123456,2000-01-01,user
user900,user_acc900,user900@mail.com,123456,2000-01-01,user
user901,user_acc901,user901@mail.com,123456,2000-01-01,user
user902,user_acc902,user902@mail.com,123456,2000-01-01,user
user903,user_acc903,user903@mail.com,123456,2000-01-01,user
user904,user_acc904,user904@mail.com,123456,2000-01-01,user
user905,user_acc905,user905@mail.com,123456,2000-01-01,user
user906,user_acc906,user906@mail.com,123456,2000-01-01,user
user907,user_acc907,user907@mail.com,123456,2000-01-01,user
user908,user_acc908,user908@mail.com,123456,2000-01-01,user
user909,user_acc909,user909@mail.com,123456,2000-01-01,user
user910,user_acc910,user910@mail.com,123456,2000-01-01,user
user911,user_acc911,user911@mail.com,123456,2000-01-01,user
user912,user_acc912,user912@mail.com,123456,2000-01-01,user
user913,user_acc913,user913@mail.com,123456,2000-01-01,user
user914,user_acc914,user914@mail.com,123456,2000-01-01,user
user915,user_acc915,user915@mail.com,123456,2000-01-01,user
user916,user_acc916,user916@mail.com,123456,2000-01-01,user
user917,user_acc917,user917@mail.com,123456,2000-01-01,user
user918,user_acc918,user918@mail.com,123456,2000-01-01,user
user919,user_acc919,user919@mail.com,123456,2000-01-01,user
user920,user_acc920,user920@mail.com,123456,2000-01-01,user
user921,user_acc921,user921@mail.com,123456,2000-01-01,user
user922,user_acc922,user922@mail.com,123456,2000-01-01,user
user923,user_acc923,user923@mail.com,123456,2000-01-01,user
user924,user_acc924,user924@mail.com,123456,2000-01-01,user
user925,user_acc925,user925@mail.com,123456,2000-01-01,user
user926,user_acc926,user926@mail.com,123456,2000-01-01,user
user927,user_acc927,user927@mail.com,123456,2000-01-01,user
user928,user_acc928,user928@mail.com,123456,2000-01-01,user
user929,user_acc929,user929@mail.com,123456,2000-01-01,user
user930,user_acc930,user930@mail.com,123456,2000-01-01,user
user931,user_acc931,user931@mail.com,123456,2000-01-01,user
user932,user_acc932,user932@mail.com,123456,2000-01-01,user
user933,user_acc933,user933@mail.com,123456,2000-01-01,user
user934,user_acc934,user934@mail.com,123456,2000-01-01,user
user935,user_acc935,user935@mail.com,123456,2000-01-01,user
user936,user_acc936,user936@mail.com,123456,2000-01-01,user
user937,user_acc937,user937@mail.com,123456,2000-01-01,user
user938,user_acc938,user938@mail.com,123456,2000-01-01,user
user939,user_acc939,user939@mail.com,123456,2000-01-01,user
user940,user_acc940,user940@mail.com,123456,2000-01-01,user
user941,user_acc941,user941@mail.com,123456,2000-01-01,user
user942,user_acc942,user942@mail.com,123456,2000-01-01,user
user943,user_acc943,user943@mail.com,123456,2000-01-01,user
user944,user_acc944,user944@mail.com,123456,2000-01-01,user
user945,user_acc945,user945@mail.com,123456,2000-01-01,user
user946,user_acc946,user946@mail.com,123456,2000-01-01,user
user947,user_acc947,user947@mail.com,123456,2000-01-01,user
user948,user_acc948,user948@mail.com,123456,2000-01-01,user
user949,user_acc949,user949@mail.com,123456,2000-01-01,user
user950,user_acc950,user950@mail.com,123456,2000-01-01,user
user951,user_acc951,user951@mail.com,123456,2000-01-01,user
user952,user_acc952,user952@mail.com,123456,2000-01-01,user
user953,user_acc953,user953@mail.com,123456,2000-01-01,user
user954,user_acc954,user954@mail.com,123456,2000-01-01,user
user955,user_acc955,user955@mail.com,123456,2000-01-01,user
user956,user_acc956,user956@mail.com,123456,2000-01-01,user
user957,user_acc957,user957@mail.com,123456,2000-01-01,user
user958,user_acc958,user958@mail.com,123456,2000-01-01,user
user959,user_acc959,user959@mail.com,123456,2000-01-01,user
user960,user_acc960,user960@mail.com,123456,2000-01-01,user
user961,user_acc961,user961@mail.com,123456,2000-01-01,user
user962,user_acc962,user962@mail.com,123456,2000-01-01,user
user963,user_acc963,user963@mail.com,123456,2000-01-01,user
user964,user_acc964,user964@mail.com,123456,2000-01-01,user
user965,user_acc965,user965@mail.com,123456,2000-01-01,user
user966,user_acc966,user966@mail.com,123456,2000-01-01,user
user967,user_acc967,user967@mail.com,123456,2000-01-01,user
user968,user_acc968,user968@mail.com,123456,2000-01-01,user
user969,user_acc969,user969@mail.com,123456,2000-01-01,user
user970,user_acc970,user970@mail.com,123456,2000-01-01,user
user971,user_acc971,user971@mail.com,123456,2000-01-01,user
user972,user_acc972,user972@mail.com,123456,2000-01-01,user
user973,user_acc973,user973@mail.com,123456,2000-01-01,user
user974,user_acc974,user974@mail.com,123456,2000-01-01,user
user975,user_acc975,user975@mail.com,123456,2000-01-01,user
user976,user_acc976,user976@mail.com,123456,2000-01-01,user
user977,user_acc977,user977@mail.com,123456,2000-01-01,user
user978,user_acc978,user978@mail.com,123456,2000-01-01,user
user979,user_acc979,user979@mail.com,123456,2000-01-01,user
user980,user_acc980,user980@mail.com,123456,2000-01-01,user
user981,user_acc981,user981@mail.com,123456,2000-01-01,user
user982,user_acc982,user982@mail.com,123456,2000-01-01,user
user983,user_acc983,user983@mail.com,123456,2000-01-01,user
user984,user_acc984,user984@mail.com,123456,2000-01-01,user
user985,user_acc985,user985@mail.com,123456,2000-01-01,user
user986,user_acc986,user986@mail.com,123456,2000-01-01,user
user987,user_acc987,user987@mail.com,123456,2000-01-01,user
user988,user_acc988,user988@mail.com,123456,2000-01-01,user
user989,user_acc989,user989@mail.com,123456,2000-01-01,user
user990,user_acc990,user990@mail.com,123456,2000-01-01,user
user991,user_acc991,user991@mail.com,123456,2000-01-01,user
user992,user_acc992,user992@mail.com,123456,2000-01-01,user
user993,user_acc993,user993@mail.com,123456,2000-01-01,user
user994,user_acc994,user994@mail.com,123456,2000-01-01,user
user995,user_acc995,user995@mail.com,123456,2000-01-01,user
user996,user_acc996,user996@mail.com,123456,2000-01-01,user
user997,user_acc997,user997@mail.com,123456,2000-01-01,user
user998,user_acc998,user998@mail.com,123456,2000-01-01,user
user999,user_acc999,user999@mail.com,123456,2000-01-01,user
user1000,user_acc1000,user1000@mail.com,123456,2000-01-01,user
